orderer-tlscacerts,zpDevOrdererMultitenantTLSCA.crt
orderer0-zpordererMSP-admincerts,ordereradmin.dev.mulitenant.zuelligpharma.com.crt
orderer0-zpordererMSP-signcerts,orderer0.dev.mulitenant.zuelligpharma.com.crt
orderer0-zpordererMSP-keystore,orderer0.dev.mulitenant.zuelligpharma.com.key
orderer0-zpordererMSP-tlsservercerts,orderer0.dev.mulitenant.zuelligpharma.com_TLS.crt
orderer0-zpordererMSP-tlsserverkey,orderer0.dev.mulitenant.zuelligpharma.com_TLS.key
orderer0-zpordererMSP-cacerts,zpDevOrdererMultitenantCA.crt
orderer0-zpordererMSP-tlscacerts,zpDevOrdererMultitenantTLSCA.crt
orderer1-zpordererMSP-admincerts,ordereradmin.dev.mulitenant.zuelligpharma.com.crt
orderer1-zpordererMSP-signcerts,orderer1.dev.mulitenant.zuelligpharma.com.crt
orderer1-zpordererMSP-keystore,orderer1.dev.mulitenant.zuelligpharma.com.key
orderer1-zpordererMSP-tlsservercerts,orderer1.dev.mulitenant.zuelligpharma.com_TLS.crt
orderer1-zpordererMSP-tlsserverkey,orderer1.dev.mulitenant.zuelligpharma.com_TLS.key
orderer1-zpordererMSP-cacerts,zpDevOrdererMultitenantCA.crt
orderer1-zpordererMSP-tlscacerts,zpDevOrdererMultitenantTLSCA.crt
orderer2-zpordererMSP-admincerts,ordereradmin.dev.mulitenant.zuelligpharma.com.crt
orderer2-zpordererMSP-signcerts,orderer2.dev.mulitenant.zuelligpharma.com.crt
orderer2-zpordererMSP-keystore,orderer2.dev.mulitenant.zuelligpharma.com.key
orderer2-zpordererMSP-tlsservercerts,orderer2.dev.mulitenant.zuelligpharma.com_TLS.crt
orderer2-zpordererMSP-tlsserverkey,orderer2.dev.mulitenant.zuelligpharma.com_TLS.key
orderer2-zpordererMSP-cacerts,zpDevOrdererMultitenantCA.crt
orderer2-zpordererMSP-tlscacerts,zpDevOrdererMultitenantTLSCA.crt
orderer3-zpordererMSP-admincerts,ordereradmin.dev.mulitenant.zuelligpharma.com.crt
orderer3-zpordererMSP-signcerts,orderer3.dev.mulitenant.zuelligpharma.com.crt
orderer3-zpordererMSP-keystore,orderer3.dev.mulitenant.zuelligpharma.com.key
orderer3-zpordererMSP-tlsservercerts,orderer3.dev.mulitenant.zuelligpharma.com_TLS.crt
orderer3-zpordererMSP-tlsserverkey,orderer3.dev.mulitenant.zuelligpharma.com_TLS.key
orderer3-zpordererMSP-cacerts,zpDevOrdererMultitenantCA.crt
orderer3-zpordererMSP-tlscacerts,zpDevOrdererMultitenantTLSCA.crt
orderer4-zpordererMSP-admincerts,ordereradmin.dev.mulitenant.zuelligpharma.com.crt
orderer4-zpordererMSP-signcerts,orderer4.dev.mulitenant.zuelligpharma.com.crt
orderer4-zpordererMSP-keystore,orderer4.dev.mulitenant.zuelligpharma.com.key
orderer4-zpordererMSP-tlsservercerts,orderer4.dev.mulitenant.zuelligpharma.com_TLS.crt
orderer4-zpordererMSP-tlsserverkey,orderer4.dev.mulitenant.zuelligpharma.com_TLS.key
orderer4-zpordererMSP-cacerts,zpDevOrdererMultitenantCA.crt
orderer4-zpordererMSP-tlscacerts,zpDevOrdererMultitenantTLSCA.crt
peer1-zpMSP-admincerts,admin.dev.mulitenant.zuelligpharma.com.crt
peer1-zpMSP-signcerts,peer1.dev.mulitenant.zuelligpharma.com.crt
peer1-zpMSP-keystore,peer1.dev.mulitenant.zuelligpharma.com.key
peer1-zpMSP-tlsservercerts,peer1.dev.mulitenant.zuelligpharma.com_TLS.crt
peer1-zpMSP-tlsserverkey,peer1.dev.mulitenant.zuelligpharma.com_TLS.key
peer1-zpMSP-cacerts,zpDevMultitenantCA.crt
peer1-zpMSP-tlscacerts,zpDevMultitenantTLSCA.crt
peer0-zpMSP-admincerts,admin.dev.mulitenant.zuelligpharma.com.crt
peer0-zpMSP-signcerts,peer0.dev.mulitenant.zuelligpharma.com.crt
peer0-zpMSP-keystore,peer0.dev.mulitenant.zuelligpharma.com.key
peer0-zpMSP-tlsservercerts,peer0.dev.mulitenant.zuelligpharma.com_TLS.crt
peer0-zpMSP-tlsserverkey,peer0.dev.mulitenant.zuelligpharma.com_TLS.key
peer0-zpMSP-cacerts,zpDevMultitenantCA.crt
peer0-zpMSP-tlscacerts,zpDevMultitenantTLSCA.crt
merckMSP-tlscacerts,merckDevMultitenantTLSCA.crt
galdermaMSP-tlscacerts,galdermaDevMultitenantTLSCA.crt
zpordererMSP-admincerts,ordereradmin.dev.mulitenant.zuelligpharma.com.crt
zpordererMSP-signcerts,ordereradmin.dev.mulitenant.zuelligpharma.com.crt
zpordererMSP-admin-keystore,ordereradmin.dev.mulitenant.zuelligpharma.com.key
zpordererMSP-cacerts,zpDevMultitenantCA.crt
zpordererMSP-tlscacerts,zpDevMultitenantTLSCA.crt
zpMSP-admincerts,admin.dev.mulitenant.zuelligpharma.com.crt
zpMSP-signcerts,admin.dev.mulitenant.zuelligpharma.com.crt
zpMSP-admin-keystore,admin.dev.mulitenant.zuelligpharma.com.key
zpMSP-cacerts,zpDevMultitenantCA.crt
zpMSP-tlscacerts,zpDevMultitenantTLSCA.crt
datauploaduser-zpMSP-signcerts,datauploaduser.dev.mulitenant.zuelligpharma.com.crt
datauploaduser-zpMSP-keystore,datauploaduser.dev.mulitenant.zuelligpharma.com.key
eztrackeruser-zpMSP-signcerts,eztrackeruser.dev.mulitenant.zuelligpharma.com.crt
eztrackeruser-zpMSP-keystore,eztrackeruser.dev.mulitenant.zuelligpharma.com.key
operationsuser-zpMSP-signcerts,operationsuser.dev.mulitenant.zuelligpharma.com.crt
operationsuser-zpMSP-keystore,operationsuser.dev.mulitenant.zuelligpharma.com.key
zoipappuser-zpMSP-signcerts,zoipappuser.dev.mulitenant.zuelligpharma.com.crt
zoipappuser-zpMSP-keystore,zoipappuser.dev.mulitenant.zuelligpharma.com.key
eztrackeruser-merckMSP-signcerts,eztrackeruser.dev.mulitenant.merck.zuelligpharma.com.crt
eztrackeruser-merckMSP-keystore,eztrackeruser.dev.mulitenant.merck.zuelligpharma.com.key
